2019-02-14 01:17:48,na,19 vs 1,win: left/blue,13:38
Chuck,Hami,Oldskool,gabevizzle,ttigers,MaxGreen,X1p9x,IraqiZorro,TSuki,C4bb4ge
*Celeste*,*Reza*,*Adagio*,*Yates*,*Tony*,*Churnwalker*,*Magnus*,*Malene*,*Kensei*,*Joule*
ban/pick,*Grumpjaw*,*Lance*,*Lyra*,*Samuel*,*Reza*,*Magnus*,*Malene*,*Adagio*,*Tony*,*Churnwalker*,*Kensei*,*Yates*,*Celeste*,*Joule*
----
2019-02-14 01:40:20,na,4 vs 29,win: right/red,18:06
MaxGreen,X1p9x,IraqiZorro,TSuki,C4bb4ge,Chuck,Hami,Oldskool,gabevizzle,ttigers
*Yates*,*Magnus*,*Gwen*,*Grumpjaw*,*Adagio*,*Samuel*,*Koshka*,*Sanfeng*,*Ardan*,*Kestrel*
ban/pick,*Reza*,*Lyra*,*Malene*,*Lance*,*Grumpjaw*,*Samuel*,*Ardan*,*Yates*,*Gwen*,*Sanfeng*,*Koshka*,*Magnus*,*Adagio*,*Kestrel*
----
2019-02-19 03:01:23,na,10 vs 44,win: right/red,22:10
StartingAllOver,NeonFire,CozZ,Kyo3,LuluXiu,Hami,ttigers,Chuck,Oldskool,gabevizzle
*Samuel*,*Joule*,*Kestrel*,*Sanfeng*,*Adagio*,*Malene*,*Grumpjaw*,*Celeste*,*Reza*,*Lyra*
ban/pick,*Yates*,*Churnwalker*,*Lance*,*Magnus*,*Sanfeng*,*Reza*,*Grumpjaw*,*Samuel*,*Adagio*,*Celeste*,*Lyra*,*Kestrel*,*Joule*,*Malene*
----
2019-02-20 02:03:03,na,0 vs 0,win: right/red,0:29
Oldskool,Chuck,gabevizzle,Hami,annihiIation,IraqiZorro,TSuki,C4bb4ge,X1p9x,MaxGreen
*Kinetic*,*Magnus*,*Fortress*,*Grumpjaw*,*Skaarf*,*Samuel*,*Koshka*,*Adagio*,*Gwen*,*Malene*
ban/pick,*Lyra*,*Lance*,*Reza*,*Sanfeng*,*Grumpjaw*,*Malene*,*Samuel*,*Kinetic*,*Magnus*,*Koshka*,*Adagio*,*Fortress*,*Skaarf*,*Gwen*
----
2019-02-20 02:30:01,na,4 vs 17,win: right/red,14:39
IraqiZorro,TSuki,C4bb4ge,X1p9x,MaxGreen,Chuck,Oldskool,gabevizzle,Hami,ttigers
*Magnus*,*Lance*,*Lorelai*,*Silvernail*,*Malene*,*Samuel*,*Gwen*,*Sanfeng*,*Koshka*,*Anka*
ban/pick,*Lyra*,*Adagio*,*Grumpjaw*,*Reza*,*Lance*,*Sanfeng*,*Samuel*,*Malene*,*Silvernail*,*Gwen*,*Anka*,*Lorelai*,*Magnus*,*Koshka*
----
2019-02-21 02:10:03,na,20 vs 6,win: left/blue,20:03
BlackCIover,Oldskool,gabevizzle,Hami,MewTwolnATutu,StartingAllOver,annihiIation,NeonFire,CozZ,Kyo3
*Samuel*,*Gwen*,*Sanfeng*,*Joule*,*Malene*,*Magnus*,*Adagio*,*Baptiste*,*Ylva*,*Phinn*
ban/pick,*Churnwalker*,*Grumpjaw*,*Reza*,*Lance*,*Sanfeng*,*Magnus*,*Adagio*,*Malene*,*Samuel*,*Phinn*,*Ylva*,*Joule*,*Gwen*,*Baptiste*
----
2019-02-21 02:39:34,na,18 vs 36,win: right/red,26:44
StartingAllOver,annihiIation,NeonFire,CozZ,Kyo3,BlackCIover,Oldskool,gabevizzle,Hami,MewTwolnATutu
*Malene*,*Gwen*,*Joule*,*Grumpjaw*,*Lyra*,*Samuel*,*Adagio*,*Lorelai*,*Lance*,*Anka*
ban/pick,*Churnwalker*,*Reza*,*Sanfeng*,*Magnus*,*Grumpjaw*,*Lance*,*Samuel*,*Lyra*,*Malene*,*Adagio*,*Lorelai*,*Gwen*,*Joule*,*Anka*
----
2019-02-21 03:45:47,na,7 vs 17,win: right/red,17:25
StartingAllOver,CozZ,Kyo3,Gaspy,annihiIation,Oldskool,BlackCIover,Hami,gabevizzle,MewTwolnATutu
*Samuel*,*Reza*,*Lyra*,*Joule*,*Kinetic*,*Adagio*,*Magnus*,*Malene*,*Yates*,*Fortress*
ban/pick,*Churnwalker*,*Grumpjaw*,*Sanfeng*,*Lance*,*Reza*,*Adagio*,*Malene*,*Samuel*,*Joule*,*Magnus*,*Yates*,*Lyra*,*Kinetic*,*Fortress*
----
2019-02-22 01:44:19,na,0 vs 0,win: left/blue,0:35
Chuck,Hami,gabevizzle,Oldskool,MewTwolnATutu,BIanks,Fezzz,TSuki,PoIyPhemus,AllyPeterson
*Samuel*,*Joule*,*Churnwalker*,*Adagio*,*Grumpjaw*,*Gwen*,*Malene*,*Magnus*,*Ylva*,*Phinn*
ban/pick,*Lyra*,*Sanfeng*,*Reza*,*Lance*,*Grumpjaw*,*Magnus*,*Malene*,*Samuel*,*Adagio*,*Phinn*,*Gwen*,*Joule*,*Churnwalker*,*Ylva*
----
2019-02-22 02:18:31,na,4 vs 18,win: right/red,21:42
TSuki,Fezzz,PoIyPhemus,AllyPeterson,BIanks,Hami,Chuck,Oldskool,MewTwolnATutu,gabevizzle
*Lance*,*Magnus*,*Lyra*,*Phinn*,*Glaive*,*Malene*,*Samuel*,*Sanfeng*,*Anka*,*Ardan*
ban/pick,*Grumpjaw*,*Adagio*,*Reza*,*Lance*,*Samuel*,*Sanfeng*,*Magnus*,*Lyra*,*Malene*,*Anka*,*Phinn*,*Glaive*,*Ardan*
----
2019-02-22 02:47:28,na,28 vs 15,win: left/blue,29:27
Hami,Chuck,Oldskool,MewTwolnATutu,gabevizzle,TSuki,Fezzz,PoIyPhemus,AllyPeterson,BIanks
*Grumpjaw*,*Samuel*,*Gwen*,*Inara*,*Fortress*,*Sanfeng*,*Lance*,*Flicker*,*Phinn*,*Magnus*
ban/pick,*Churnwalker*,*Reza*,*Adagio*,*Grumpjaw*,*Sanfeng*,*Lance*,*Samuel*,*Gwen*,*Magnus*,*Phinn*,*Inara*,*Fortress*,*Flicker*
----
2019-02-22 03:30:24,na,15 vs 3,win: left/blue,17:25
Hami,Chuck,Oldskool,MewTwolnATutu,gabevizzle,CozZ,NeonFire,Kyo3,StartingAllOver,Tiv0
*Lance*,*Samuel*,*Adagio*,*Inara*,*Grace*,*Sanfeng*,*Joule*,*Lyra*,*Magnus*,*Gwen*
ban/pick,*Reza*,*Grumpjaw*,*Churnwalker*,*Malene*,*Lance*,*Magnus*,*Sanfeng*,*Samuel*,*Adagio*,*Lyra*,*Joule*,*Inara*,*Grace*,*Gwen*
----
2019-02-23 02:42:33,na,22 vs 26,win: left/blue,24:04
BlackCIover,Oldskool,MewTwolnATutu,Hami,gabevizzle,StartingAllOver,CozZ,Kyo3,NeonFire,Gaspy
*Skaarf*,*Adagio*,*Grumpjaw*,*Malene*,*Lyra*,*Celeste*,*Sanfeng*,*Yates*,*Reza*,*Grace*
ban/pick,*Churnwalker*,*Phinn*,*Lance*,*Catherine*,*Skaarf*,*Sanfeng*,*Reza*,*Adagio*,*Grumpjaw*,*Yates*,*Celeste*,*Malene*,*Lyra*,*Grace*
----
2019-02-23 03:15:48,na,6 vs 27,win: right/red,17:41
StartingAllOver,CozZ,Kyo3,NeonFire,Gaspy,BlackCIover,Oldskool,MewTwolnATutu,Hami,gabevizzle
*Lorelai*,*Grumpjaw*,*Phinn*,*Joule*,*Adagio*,*Magnus*,*Sanfeng*,*Kestrel*,*Malene*,*Yates*
ban/pick,*Lance*,*Reza*,*Samuel*,*Churnwalker*,*Grumpjaw*,*Sanfeng*,*Magnus*,*Adagio*,*Joule*,*Malene*,*Yates*,*Phinn*,*Lorelai*,*Kestrel*
----
2019-02-23 03:42:10,na,30 vs 11,win: left/blue,17:54
BlackCIover,Oldskool,MewTwolnATutu,Hami,gabevizzle,StartingAllOver,CozZ,Kyo3,NeonFire,Gaspy
*Celeste*,*Adagio*,*Malene*,*Baptiste*,*Sanfeng*,*Samuel*,*Ylva*,*Churnwalker*,*Skaarf*,*Joule*
ban/pick,*Grumpjaw*,*Lance*,*Reza*,*Magnus*,*Sanfeng*,*Churnwalker*,*Samuel*,*Malene*,*Adagio*,*Joule*,*Ylva*,*Celeste*,*Baptiste*,*Skaarf*
----
2019-02-24 23:26:04,na,10 vs 10,win: left/blue,19:47
Chuck,Hami,MewTwolnATutu,gabevizzle,Oldskool,Gumpyy,BIanks,TSuki,Fezzz,iIIusive
*Samuel*,*Malene*,*Anka*,*Sanfeng*,*Joule*,*Lyra*,*Adagio*,*Ylva*,*Glaive*,*Magnus*
ban/pick,*Churnwalker*,*Lance*,*Grumpjaw*,*Reza*,*Sanfeng*,*Magnus*,*Adagio*,*Malene*,*Anka*,*Lyra*,*Glaive*,*Samuel*,*Joule*,*Ylva*
----
2019-02-25 00:10:17,na,4 vs 18,win: right/red,15:55
AllyPeterson,Fezzz,iIIusive,BIanks,TSuki,Hami,gabevizzle,Oldskool,MewTwolnATutu,Chuck
*Lyra*,*Glaive*,*Samuel*,*Joule*,*Malene*,*Baptiste*,*Yates*,*Adagio*,*Koshka*,*Magnus*
ban/pick,*Grumpjaw*,*Lance*,*Reza*,*Sanfeng*,*Malene*,*Adagio*,*Magnus*,*Lyra*,*Samuel*,*Baptiste*,*Koshka*,*Joule*,*Glaive*,*Yates*
----
2019-02-25 00:32:40,na,23 vs 21,win: left/blue,24:22
Hami,Oldskool,gabevizzle,Chuck,MewTwolnATutu,AllyPeterson,iIIusive,Fezzz,TSuki,BIanks
*Sanfeng*,*Malene*,*Churnwalker*,*Skaarf*,*Baron*,*Phinn*,*Samuel*,*Joule*,*Ylva*,*Adagio*
ban/pick,*Grumpjaw*,*Lance*,*Reza*,*Magnus*,*Sanfeng*,*Samuel*,*Phinn*,*Malene*,*Churnwalker*,*Adagio*,*Joule*,*Baron*,*Skaarf*,*Ylva*
----
2019-02-26 03:27:46,na,12 vs 6,win: left/blue,21:41
Hami,Chuck,Oldskool,gabevizzle,MewTwolnATutu,NeonFire,StartingAllOver,CozZ,DNZio,Kyo3
*Lance*,*Celeste*,*Gwen*,*Yates*,*Baptiste*,*Joule*,*Skaarf*,*Malene*,*Adagio*,*Phinn*
ban/pick,*Grumpjaw*,*Samuel*,*Reza*,*Sanfeng*,*Lance*,*Malene*,*Adagio*,*Celeste*,*Yates*,*Joule*,*Phinn*,*Baptiste*,*Gwen*,*Skaarf*
----
2019-02-27 02:16:41,na,22 vs 11,win: left/blue,24:09
Chuck,Hami,gabevizzle,MewTwolnATutu,Oldskool,DNZio,CozZ,Kyo3,StartingAllOver,NeonFire
*Celeste*,*Malene*,*Tony*,*Reza*,*Joule*,*Adagio*,*Lorelai*,*Ardan*,*Samuel*,*Ylva*
ban/pick,*Grumpjaw*,*Sanfeng*,*Churnwalker*,*Lance*,*Malene*,*Adagio*,*Samuel*,*Joule*,*Tony*,*Ardan*,*Ylva*,*Reza*,*Celeste*,*Lorelai*
----
2019-02-27 02:54:34,na,11 vs 19,win: right/red,21:27
DNZio,CozZ,Kyo3,StartingAllOver,NeonFire,Chuck,Hami,gabevizzle,MewTwolnATutu,Oldskool
*Joule*,*Anka*,*Lyra*,*Gwen*,*Malene*,*Celeste*,*Lorelai*,*Tony*,*Baptiste*,*Adagio*
ban/pick,*Grumpjaw*,*Sanfeng*,*Reza*,*Lance*,*Malene*,*Celeste*,*Adagio*,*Joule*,*Lyra*,*Tony*,*Baptiste*,*Gwen*,*Anka*,*Lorelai*
----
2019-02-27 03:23:23,na,19 vs 4,win: left/blue,13:26
Chuck,Hami,gabevizzle,MewTwolnATutu,Oldskool,DNZio,CozZ,Kyo3,StartingAllOver,NeonFire
*Magnus*,*Joule*,*Sanfeng*,*Malene*,*Baron*,*Gwen*,*Tony*,*Yates*,*Celeste*,*Lance*
ban/pick,*Grumpjaw*,*Samuel*,*Reza*,*Adagio*,*Sanfeng*,*Lance*,*Celeste*,*Joule*,*Malene*,*Yates*,*Tony*,*Baron*,*Magnus*,*Gwen*
----
2019-02-27 03:46:38,na,10 vs 23,win: right/red,22:22
DNZio,CozZ,Kyo3,StartingAllOver,NeonFire,Chuck,Hami,gabevizzle,MewTwolnATutu,Oldskool
*Kinetic*,*Samuel*,*Yates*,*Adagio*,*Sanfeng*,*Magnus*,*Lance*,*Tony*,*Malene*,*Baron*
ban/pick,*Celeste*,*Grumpjaw*,*Joule*,*Reza*,*Sanfeng*,*Lance*,*Malene*,*Adagio*,*Samuel*,*Tony*,*Magnus*,*Yates*,*Kinetic*,*Baron*
----
2019-02-28 01:03:46,na,24 vs 3,win: left/blue,16:40
Chuck,Hami,gabevizzle,MewTwolnATutu,Oldskool,X1p9x,TSuki,IraqiZorro,C4bb4ge,FIyingTuna
*Magnus*,*Joule*,*Lorelai*,*Grumpjaw*,*Baron*,*Adagio*,*Malene*,*Samuel*,*Phinn*,*Skaarf*
ban/pick,*Lance*,*Sanfeng*,*Reza*,*Lyra*,*Grumpjaw*,*Malene*,*Adagio*,*Joule*,*Magnus*,*Samuel*,*Phinn*,*Baron*,*Lorelai*,*Skaarf*
----
2019-02-28 01:31:24,na,4 vs 24,win: right/red,16:16
FIyingTuna,X1p9x,TSuki,IraqiZorro,C4bb4ge,Chuck,Hami,Oldskool,MewTwolnATutu,gabevizzle
*Malene*,*Gwen*,*Lance*,*Magnus*,*Adagio*,*Samuel*,*Joule*,*Baron*,*Anka*,*Sanfeng*
ban/pick,*Lyra*,*Reza*,*Grumpjaw*,*Churnwalker*,*Lance*,*Sanfeng*,*Samuel*,*Malene*,*Adagio*,*Joule*,*Anka*,*Magnus*,*Gwen*,*Baron*
----
2019-02-28 02:00:24,na,15 vs 3,win: left/blue,16:33
Chuck,Hami,Oldskool,MewTwolnATutu,gabevizzle,FIyingTuna,X1p9x,TSuki,IraqiZorro,YourDoomsday0
*Samuel*,*Reza*,*Baron*,*Fortress*,*Ardan*,*Malene*,*Gwen*,*Joule*,*Magnus*,*Adagio*
ban/pick,*Sanfeng*,*Lyra*,*Grumpjaw*,*Lance*,*Reza*,*Malene*,*Adagio*,*Samuel*,*Fortress*,*Joule*,*Magnus*,*Baron*,*Ardan*,*Gwen*
----
2019-02-28 02:26:31,na,16 vs 18,win: right/red,19:09
FIyingTuna,X1p9x,TSuki,IraqiZorro,YourDoomsday0,Chuck,Hami,Oldskool,MewTwolnATutu,gabevizzle
*Malene*,*Adagio*,*Reza*,*Samuel*,*Phinn*,*Celeste*,*Joule*,*Baron*,*Fortress*,*Yates*
ban/pick,*Lyra*,*Grumpjaw*,*Sanfeng*,*Lance*,*Reza*,*Yates*,*Joule*,*Samuel*,*Malene*,*Celeste*,*Fortress*,*Adagio*,*Phinn*,*Baron*
----
2019-03-02 00:38:35,na,23 vs 13,win: left/blue,20:20
Chuck,Hami,Oldskool,gabevizzle,ttigers,Guest_820402168,SatsukiNA,AirCRAFT,PaulSmithNA,一本満足
*Malene*,*Flicker*,*Baron*,*Churnwalker*,*Reza*,*Magnus*,*Kinetic*,*Yates*,*Anka*,*Skaarf*
ban/pick,*Grumpjaw*,*Sanfeng*,*Lance*,*Adagio*,*Churnwalker*,*Yates*,*Magnus*,*Flicker*,*Reza*,*Skaarf*,*Kinetic*,*Malene*,*Baron*,*Anka*
----
2019-03-02 01:41:10,na,27 vs 15,win: left/blue,26:54
Chuck,Hami,Oldskool,gabevizzle,ttigers,Guest_820402168,AirCRAFT,SatsukiNA,一本満足,PaulSmithNA
*Celeste*,*Flicker*,*Gwen*,*Sanfeng*,*Fortress*,*Magnus*,*Churnwalker*,*Baron*,*Joule*,*Anka*
ban/pick,*Yates*,*Lance*,*Grumpjaw*,*Reza*,*Sanfeng*,*Churnwalker*,*Anka*,*Celeste*,*Fortress*,*Baron*,*Joule*,*Flicker*,*Gwen*,*Magnus*
----
2019-03-02 03:56:50,na,20 vs 23,win: left/blue,25:27
Chuck,Hami,gabevizzle,Oldskool,ttigers,StartingAllOver,NeonFire,Kyo3,CozZ,DNZio
*Magnus*,*Gwen*,*Ardan*,*Joule*,*Grumpjaw*,*Samuel*,*Lance*,*Lyra*,*Reza*,*Baron*
ban/pick,*Churnwalker*,*Sanfeng*,*Malene*,*Adagio*,*Grumpjaw*,*Lance*,*Reza*,*Joule*,*Magnus*,*Baron*,*Lyra*,*Ardan*,*Gwen*,*Samuel*
----
2019-03-02 23:24:02,na,13 vs 7,win: left/blue,17:02
Chuck,Hami,Oldskool,gabevizzle,ttigers,Fezzz,BIanks,PoIyPhemus,TSuki,iIIusive
*Magnus*,*Skye*,*Baron*,*Tony*,*Malene*,*Samuel*,*Kinetic*,*Lorelai*,*Joule*,*Adagio*
ban/pick,*Grumpjaw*,*Sanfeng*,*Reza*,*Lance*,*Malene*,*Samuel*,*Adagio*,*Magnus*,*Baron*,*Joule*,*Kinetic*,*Tony*,*Skye*,*Lorelai*
----
2019-03-02 23:54:39,na,0 vs 15,win: right/red,13:39
Fezzz,BIanks,iIIusive,PoIyPhemus,TSuki,Chuck,Hami,gabevizzle,Oldskool,ttigers
*Joule*,*Lance*,*Phinn*,*Ylva*,*Baron*,*Samuel*,*Malene*,*Lyra*,*Adagio*,*Fortress*
ban/pick,*Grumpjaw*,*Reza*,*Magnus*,*Sanfeng*,*Lance*,*Malene*,*Samuel*,*Baron*,*Joule*,*Lyra*,*Fortress*,*Phinn*,*Ylva*,*Adagio*
----
2019-03-04 03:44:37,na,8 vs 19,win: right/red,19:37
StartingAllOver,NeonFire,Kyo3,DNZio,CozZ,Chuck,Oldskool,Hami,gabevizzle,MewTwolnATutu
*Samuel*,*Lance*,*Tony*,*Adagio*,*Anka*,*Skaarf*,*Baron*,*Catherine*,*Lyra*,*Reza*
ban/pick,*Sanfeng*,*Grumpjaw*,*Malene*,*Joule*,*Lance*,*Reza*,*Baron*,*Adagio*,*Samuel*,*Lyra*,*Skaarf*,*Tony*,*Anka*,*Catherine*
----
2019-03-04 04:16:20,na,28 vs 8,win: left/blue,29:40
Chuck,Oldskool,Hami,gabevizzle,MewTwolnATutu,StartingAllOver,NeonFire,Kyo3,DNZio,CozZ
*Samuel*,*Baron*,*Baptiste*,*Tony*,*Reza*,*Magnus*,*Joule*,*Lyra*,*Adagio*,*Catherine*
ban/pick,*Grumpjaw*,*Sanfeng*,*Malene*,*Lance*,*Reza*,*Adagio*,*Joule*,*Samuel*,*Tony*,*Magnus*,*Lyra*,*Baron*,*Baptiste*,*Catherine*
----
2019-03-05 01:13:15,na,32 vs 15,win: left/blue,26:19
gabevizzle,ttigers,Chuck,Hami,Oldskool,IraqiZorro,TSuki,C4bb4ge,MaxGreen,BIanks
*Catherine*,*Fortress*,*Magnus*,*Skye*,*Lance*,*Samuel*,*Joule*,*Adagio*,*Anka*,*Baron*
ban/pick,*Grumpjaw*,*Sanfeng*,*Lyra*,*Reza*,*Lance*,*Baron*,*Adagio*,*Fortress*,*Magnus*,*Anka*,*Samuel*,*Skye*,*Catherine*,*Joule*
----
2019-03-05 02:10:40,na,0 vs 0,win: right/red,0:21
Chuck,Hami,gabevizzle,ttigers,Oldskool,CozZ,annihiIation,StartingAllOver,NeonFire,Kyo3
*Anka*,*Skaarf*,*Lyra*,*Magnus*,*Gwen*,*Catherine*,*Adagio*,*Malene*,*Joule*,*Yates*
ban/pick,*Grumpjaw*,*Sanfeng*,*Lance*,*Reza*,*Anka*,*Adagio*,*Joule*,*Magnus*,*Lyra*,*Malene*,*Catherine*,*Gwen*,*Skaarf*,*Yates*
----
2019-03-05 02:51:33,na,5 vs 20,win: right/red,23:59
CozZ,DNZio,StartingAllOver,Kyo3,NeonFire,Chuck,Hami,Oldskool,gabevizzle,ttigers
*Malene*,*Baron*,*Samuel*,*Lyra*,*Catherine*,*Magnus*,*Joule*,*Adagio*,*Tony*,*Baptiste*
ban/pick,*Sanfeng*,*Grumpjaw*,*Lance*,*Reza*,*Malene*,*Joule*,*Adagio*,*Lyra*,*Baron*,*Magnus*,*Tony*,*Samuel*,*Catherine*,*Baptiste*
----
2019-03-05 03:25:15,na,22 vs 17,win: left/blue,25:50
Chuck,Hami,Oldskool,gabevizzle,ttigers,CozZ,DNZio,StartingAllOver,NeonFire,Kyo3
*Magnus*,*Skaarf*,*Baron*,*Tony*,*Reza*,*Fortress*,*Gwen*,*Adagio*,*Malene*,*Lyra*
ban/pick,*Grumpjaw*,*Sanfeng*,*Joule*,*Lance*,*Reza*,*Malene*,*Adagio*,*Magnus*,*Baron*,*Fortress*,*Lyra*,*Tony*,*Skaarf*,*Gwen*
----
2019-03-06 02:29:51,na,18 vs 0,win: left/blue,14:31
Hami,gabevizzle,MewTwolnATutu,Chuck,Oldskool,StartingAllOver,NeonFire,Kyo3,lnvaderZim,Gaspy
*Joule*,*Yates*,*Baptiste*,*Magnus*,*Kinetic*,*Adagio*,*Malene*,*Tony*,*Fortress*,*Baron*
ban/pick,*Grumpjaw*,*Sanfeng*,*Reza*,*Lance*,*Joule*,*Malene*,*Adagio*,*Magnus*,*Yates*,*Tony*,*Fortress*,*Baptiste*,*Kinetic*,*Baron*
----
2019-03-06 02:55:37,na,4 vs 12,win: right/red,19:41
StartingAllOver,NeonFire,Kyo3,MaxGreen,Gaspy,Chuck,gabevizzle,MewTwolnATutu,Hami,Oldskool
*Magnus*,*Grace*,*Lyra*,*Lorelai*,*Lance*,*Skaarf*,*Phinn*,*Malene*,*Joule*,*Baron*
ban/pick,*Adagio*,*Grumpjaw*,*Sanfeng*,*Reza*,*Lance*,*Malene*,*Joule*,*Lyra*,*Magnus*,*Baron*,*Phinn*,*Lorelai*,*Grace*,*Skaarf*
----
2019-03-06 03:21:14,na,20 vs 13,win: right/red,27:43
Chuck,gabevizzle,MewTwolnATutu,Hami,Oldskool,StartingAllOver,NeonFire,Kyo3,MaxGreen,Gaspy
*Magnus*,*Catherine*,*Reza*,*Adagio*,*Gwen*,*Celeste*,*Grace*,*Lyra*,*Malene*,*Blackfeather*
ban/pick,*Grumpjaw*,*Sanfeng*,*Lance*,*Joule*,*Reza*,*Malene*,*Lyra*,*Magnus*,*Adagio*,*Celeste*,*Grace*,*Gwen*,*Catherine*,*Blackfeather*
----
2019-03-06 03:57:08,na,13 vs 21,win: right/red,20:54
StartingAllOver,NeonFire,Kyo3,MaxGreen,DNZio,Chuck,gabevizzle,MewTwolnATutu,Hami,Oldskool
*Celeste*,*Grace*,*Ardan*,*Malene*,*Adagio*,*Samuel*,*Lyra*,*Reza*,*Lance*,*Baron*
ban/pick,*Sanfeng*,*Grumpjaw*,*Joule*,*Magnus*,*Malene*,*Lance*,*Reza*,*Adagio*,*Celeste*,*Lyra*,*Baron*,*Ardan*,*Grace*,*Samuel*
----
2019-02-19 02:21:44,na,16 vs 4,win: left/blue,18:29
Oldskool,Chuck,ttigers,gabevizzle,Hami,CozZ,NeonFire,StartingAllOver,Kyo3,LuluXiu
*Adagio*,*Samuel*,*Grumpjaw*,*Grace*,*Joule*,*Reza*,*Alpha*,*Magnus*,*Lyra*,*Gwen*
----
2019-02-19 03:38:48,na,25 vs 6,win: left/blue,14:00
Hami,ttigers,Chuck,Oldskool,gabevizzle,StartingAllOver,NeonFire,CozZ,Kyo3,LuluXiu
*Malene*,*Koshka*,*Samuel*,*Lance*,*Lorelai*,*Adagio*,*Baptiste*,*Inara*,*Churnwalker*,*Gwen*
----
2019-02-20 00:07:50,na,0 vs 1,win: right/red,7:46
Oldskool,Hami
*Adagio*,*Lance*
----
2019-02-20 00:16:51,na,0 vs 1,win: right/red,3:16
Oldskool,Hami
*Adagio*,*Joule*
----
2019-02-20 00:21:34,na,0 vs 1,win: right/red,2:47
Oldskool,Hami
*Adagio*,*Joule*
----
2019-02-20 00:25:08,na,0 vs 1,win: right/red,2:02
Oldskool,Hami
*Adagio*,*Joule*
----
2019-02-20 00:27:54,na,1 vs 0,win: left/blue,1:56
Oldskool,Hami
*Joule*,*Joule*
----
2019-02-20 00:32:27,na,1 vs 0,win: left/blue,11:50
Oldskool,Hami
*Adagio*,*Malene*
----
2019-02-20 00:45:46,na,1 vs 0,win: left/blue,3:49
Oldskool,Hami
*Joule*,*Malene*
----
2019-02-20 00:50:26,na,1 vs 0,win: right/red,7:42
Oldskool,Hami
*Joule*,*Reza*
----
2019-02-20 01:11:36,na,24 vs 2,win: left/blue,16:50
Chuck,gabevizzle,Hami,Oldskool,ttigers,IraqiZorro,C4bb4ge,MaxGreen,X1p9x,TSuki
*Samuel*,*Lorelai*,*Malene*,*Lance*,*Koshka*,*Magnus*,*Yates*,*Reza*,*Adagio*,*Skaarf*
----
2019-02-20 01:42:23,na,4 vs 26,win: right/red,16:47
IraqiZorro,TSuki,C4bb4ge,X1p9x,MaxGreen,Oldskool,Chuck,gabevizzle,Hami,annihiIation
*Samuel*,*Lance*,*Phinn*,*Alpha*,*Koshka*,*Adagio*,*Magnus*,*Lyra*,*Reza*,*Skaarf*
----
2019-02-20 02:10:11,na,18 vs 7,win: left/blue,13:41
Chuck,Oldskool,gabevizzle,Hami,ttigers,IraqiZorro,TSuki,C4bb4ge,X1p9x,MaxGreen
*Magnus*,*Kinetic*,*Fortress*,*Grumpjaw*,*Skaarf*,*Samuel*,*Koshka*,*Adagio*,*Gwen*,*Malene*
----
2019-02-21 03:25:18,na,16 vs 2,win: left/blue,14:32
BlackCIover,Oldskool,Hami,gabevizzle,MewTwolnATutu,StartingAllOver,NeonFire,CozZ,Kyo3,annihiIation
*Magnus*,*Sanfeng*,*Joule*,*Lyra*,*Malene*,*Adagio*,*Lance*,*Ylva*,*Grace*,*Gwen*
----
2019-02-22 01:50:05,na,11 vs 5,win: left/blue,13:46
Chuck,Hami,gabevizzle,Oldskool,MewTwolnATutu,BIanks,Fezzz,TSuki,PoIyPhemus,AllyPeterson
*Samuel*,*Joule*,*Churnwalker*,*Adagio*,*Grumpjaw*,*Gwen*,*Malene*,*Magnus*,*Ylva*,*Phinn*
----
2019-02-25 01:15:27,na,1 vs 11,win: right/red,14:54
AllyPeterson,iIIusive,Fezzz,Bidrac,BIanks,Hami,Oldskool,MewTwolnATutu,Chuck,gabevizzle
*Churnwalker*,*Magnus*,*Baptiste*,*Phinn*,*Baron*,*Malene*,*Adagio*,*Anka*,*Celeste*,*Lorelai*
----
2019-02-26 02:17:21,na,10 vs 2,win: left/blue,17:48
Hami,gabevizzle,Chuck,Oldskool,MewTwolnATutu,DNZio,CozZ,StartingAllOver,Kyo3,NeonFire
*Lance*,*Sanfeng*,*Celeste*,*Adagio*,*Anka*,*Gwen*,*Ylva*,*Magnus*,*Churnwalker*,*Joule*
----
2019-02-26 02:52:15,na,22 vs 27,win: right/red,25:15
NeonFire,CozZ,StartingAllOver,DNZio,Kyo3,Hami,Oldskool,Chuck,gabevizzle,MewTwolnATutu
*Sanfeng*,*Tony*,*Skaarf*,*Adagio*,*Yates*,*Malene*,*Joule*,*Celeste*,*Lyra*,*Reza*
----
2019-02-26 11:24:24,na,0 vs 0,win: right/red,6:22
Hami,henoroth
*Malene*,*Gwen*
----
2019-02-26 11:33:26,na,0 vs 0,win: right/red,6:27
Hami,henoroth
*Malene*,*Kinetic*
----
2019-02-27 04:24:50,na,0 vs 0,win: right/red,0:23
Chuck,MewTwolnATutu
*Baron*,*Adagio*
----
2019-02-27 04:26:30,na,0 vs 0,win: right/red,0:21
Chuck,MewTwolnATutu
*Baron*,*Adagio*
----
2019-03-01 01:58:43,na,0 vs 0,win: right/red,0:23
Hami,Chuck
*Vox*,*Vox*
----
2019-03-02 01:13:57,na,7 vs 25,win: right/red,16:44
Guest_820402168,PaulSmithNA,SatsukiNA,一本満足,AirCRAFT,Chuck,Hami,Oldskool,gabevizzle,ttigers
*Celeste*,*Anka*,*Ylva*,*Skaarf*,*Sanfeng*,*Samuel*,*Lance*,*Baron*,*Catherine*,*Grumpjaw*
----
2019-03-02 02:27:07,na,17 vs 4,win: left/blue,17:34
Chuck,Hami,Oldskool,gabevizzle,ttigers,DNZio,CozZ,Kyo3,NeonFire,StartingAllOver
*Samuel*,*Flicker*,*Baron*,*Churnwalker*,*Malene*,*Adagio*,*Anka*,*Yates*,*Joule*,*Celeste*
----
2019-03-02 03:06:30,na,24 vs 30,win: left/blue,33:57
StartingAllOver,NeonFire,Kyo3,CozZ,DNZio,Chuck,Hami,gabevizzle,Oldskool,ttigers
*Magnus*,*Skaarf*,*Churnwalker*,*Malene*,*Baron*,*Celeste*,*Joule*,*Yates*,*Adagio*,*Anka*
----
2019-03-04 03:13:15,na,22 vs 7,win: left/blue,24:04
MewTwolnATutu,Oldskool,Hami,gabevizzle,Chuck,StartingAllOver,NeonFire,Kyo3,DNZio,CozZ
*Anka*,*Adagio*,*Joule*,*Grace*,*Samuel*,*Celeste*,*Skaarf*,*Churnwalker*,*Baron*,*Malene*
----
2019-03-04 05:11:32,na,11 vs 24,win: right/red,20:29
DNZio,CozZ,MoreLikeLULuXiu,NeonFire,StartingAllOver,Chuck,gabevizzle,Hami,MewTwolnATutu,Oldskool
*Baron*,*Fortress*,*Tony*,*Lance*,*Adagio*,*Magnus*,*Churnwalker*,*Joule*,*Reza*,*Gwen*
----
2019-03-05 00:49:56,na,5 vs 22,win: right/red,18:55
IraqiZorro,TSuki,C4bb4ge,BIanks,MaxGreen,gabevizzle,ttigers,Hami,Chuck,Oldskool
*Samuel*,*Lance*,*Lyra*,*Adagio*,*Malene*,*Churnwalker*,*Anka*,*Joule*,*Magnus*,*Baron*
----
2019-03-05 02:17:15,na,14 vs 8,win: left/blue,20:46
Chuck,Hami,gabevizzle,ttigers,Oldskool,CozZ,DNZio,StartingAllOver,NeonFire,Kyo3
*Magnus*,*Skaarf*,*Lyra*,*Anka*,*Gwen*,*Catherine*,*Adagio*,*Malene*,*Joule*,*Yates*
----
